*Date,*Amount,Payee,Description,Reference,Check Number
2023-12-14,-5.00,,Overdrawn handling charge,txn_1751154673407_0,
2023-12-15,-78.60,,Point of sale purchase Swiss Chalet #1906 Tillsonburgonca,txn_1751154673407_1,
2023-12-15,-50.16,,Point of sale purchase Shoppers Drug Mart #11 Tillsonburgonca,txn_1751154673407_2,
2023-12-21,5000.00,,Deposit 65637859 Free Interac E-Transfer,txn_1751154673407_3,
2023-12-21,-134.48,,Misc. payment Perception BNC 54171,txn_1751154673407_4,
2023-12-22,-71.05,,Point of sale purchase Walmart Store #3103 Tillsonburgonca,txn_1751154673407_5,
2023-12-22,-20.99,,Point of sale purchase Dollar Tree # 40147 Tillsonburgonca,txn_1751154673407_6,
2023-12-22,-8.37,,Point of sale purchase Tim Hortons #0183 Tillsonburgonca,txn_1751154673407_7,
2023-12-22,-57.48,,Point of sale purchase Eden Pedros Eden ONCA,txn_1751154673407_8,
2023-12-22,-41.74,,Point of sale purchase Zehrs Tillsonburg #70 Tillsonburgonca,txn_1751154673407_9,
2023-12-22,-6.20,,Point of sale purchase Tim Hortons #1993 Tillsonburgonca,txn_1751154673407_10,
2023-12-22,-10.17,,Point of sale purchase Dollar Tree # 40147 Tillsonburgonca,txn_1751154673407_11,
2023-12-22,-500.00,,MB-Transfer to 00000 06435 80,txn_1751154673407_12,
2023-12-26,-36.79,,Point of sale purchase Mcdonald'S #5263 Tillsonburgonca,txn_1751154673407_13,
2023-12-26,-60.98,,"Point of sale purchase Wild Wing, Store #173 Tillsonburgonca",txn_1751154673407_14,
2023-12-26,-87.72,,Point of sale purchase Valley Variety Vienna ONCA,txn_1751154673407_15,
2023-12-26,-4.18,,Point of sale purchase Tim Hortons #3884 Tillsonburgonca,txn_1751154673407_16,
2023-12-26,-79.00,,Point of sale purchase Walmart Store #3103 Tillsonburgonca,txn_1751154673407_17,
2023-12-26,-53.95,,Point of sale purchase Walmart Store #3197 St. Thomas ONCA,txn_1751154673407_18,
2023-12-26,-150.00,,Debit memo,txn_1751154673407_19,
2023-12-26,-17.24,,Point of sale purchase Mcdonald'S #5263 Tillsonburgonca,txn_1751154673407_20,
2023-12-26,-18.06,,Point of sale purchase Little Caesars Pizza Tillsonburgonca,txn_1751154673407_21,
2023-12-26,-100.00,,MB-Bill payment Rogers Bank Mastercard,txn_1751154673407_22,
2023-12-26,-450.00,,MB-Bill payment EPCOR Natural Gas L.P.Ontario,txn_1751154673407_23,
2023-12-26,-100.00,,MB-Bill payment Walmart Mastercard,txn_1751154673407_24,
2023-12-26,-250.00,,MB-Bill payment Rogers Bank Mastercard,txn_1751154673407_25,
2023-12-26,-193.46,,Insurance Yarmouth Mutual Insurance Comp,txn_1751154673407_26,
2023-12-26,-399.63,,Insurance Echelon Ins,txn_1751154673407_27,
2023-12-26,-682.68,,Term loans Santander Consumer Inc.,txn_1751154673407_28,
2023-12-27,-1272.11,,MB-Transfer to 00000 06435 80,txn_1751154673407_29,
2023-12-29,820.00,,Deposit 88267401 Free Interac E-Transfer,txn_1751154673407_30,
2023-12-29,-140.00,,Withdrawal 89992441 Free Interac E-Transfer,txn_1751154673407_31,
2024-01-01,-600.00,,MB-Transfer to 00000 06435 80,txn_1751154673407_32,
2024-01-01,-250.00,,MB-Bill payment Rogers Bank Mastercard,txn_1751154673407_33,
2024-01-01,-105.01,,Insurance Yarmouth Mutual Insurance Comp,txn_1751154673407_34,
2024-01-01,-67.24,,Loans Loan Payment 020667273871,txn_1751154673407_35,
2024-01-01,-10.00,,Overdrawn handling charge,txn_1751154673407_36,
2024-01-02,5000.00,,Deposit 01246563 Free Interac E-Transfer,txn_1751154673407_37,
2024-01-02,-3100.00,,Withdrawal 01251406 Free Interac E-Transfer,txn_1751154673407_38,
2024-01-04,-500.00,,IO Transfer to Inv 000000071430485,txn_1751154673407_39,
2024-01-07,-5.00,,Withdrawal 16387566 Free Interac E-Transfer,txn_1751154673407_40,
2024-01-07,-250.00,,MB-Bill payment Rogers Bank Mastercard,txn_1751154673407_41,
2024-01-07,-24.00,,MB-Bill payment Canadian Tire Mastercard,txn_1751154673407_42,
2024-01-07,150.00,,Deposit 19800855 Free Interac E-Transfer,txn_1751154673407_43,
2024-01-07,-150.00,,MB-Transfer to 00000 06435 80,txn_1751154673407_44,
2024-01-07,-682.68,,Term loans Santander Consumer Inc.,txn_1751154673407_45,
2024-01-08,-260.00,,MB-Transfer to 00000 06435 80,txn_1751154673407_46,
2024-01-14,-67.24,,Loans Loan Payment 020667273871,txn_1751154673407_47,
2024-01-14,67.24,,Returned NSF cheque Loan Payment 020667273871,txn_1751154673407_48,
2024-01-14,-48.00,,NSF cheque charge,txn_1751154673407_49,
2024-01-16,2486.00,,Deposit 48771493 Free Interac E-Transfer,txn_1751154673407_50,
2024-01-16,-22.99,,Shared ABM withdrawal Interac,txn_1751154673407_51,
2024-01-16,0.00,,INTERAC ABM fee,txn_1751154673407_52,
2024-01-16,-0.20,,Overdraft interest,txn_1751154673407_53,
2024-01-16,-16.95,,Service charge Monthly Fees,txn_1751154673407_54,
2024-01-17,-24.85,,Point of sale purchase Marc'S Gas and Variety Straffordvionca,txn_1751154673407_55,
2024-01-17,-34.22,,Point of sale purchase Bk #28997 Paris ONCA,txn_1751154673407_56,
2024-01-18,-500.00,,IO Transfer to Inv 000000071430485,txn_1751154673407_57,
2024-01-21,-250.00,,MB-Bill payment Rogers Bank Mastercard,txn_1751154673407_58,
2024-01-21,-682.68,,Term loans Santander Consumer Inc.,txn_1751154673407_59,
2024-01-22,-900.00,,MB-Transfer to 00000 06435 80,txn_1751154673407_60,
2024-01-22,-399.63,,Insurance Echelon Ins,txn_1751154673407_61,
2024-01-22,399.63,,Returned NSF cheque Echelon Ins,txn_1751154673407_62,
2024-01-22,-48.00,,NSF cheque charge,txn_1751154673407_63,
2024-01-23,400.00,,MB-Transfer from 34702 00531 55,txn_1751154673407_64,
2024-01-23,498.00,,MB-Transfer from 00000 06435 80,txn_1751154673407_65,
2024-01-23,-350.00,,Withdrawal 69117367 Free Interac E-Transfer,txn_1751154673407_66,
2024-01-24,-150.00,,Debit memo,txn_1751154673407_67,
2024-01-24,-356.00,,MB-Transfer to 00000 06435 80,txn_1751154673407_68,
2024-01-25,-193.47,,Insurance Yarmouth Mutual Insurance Comp,txn_1751154673407_69,
2024-01-25,193.47,,Returned NSF cheque Yarmouth Mutual Insurance Comp,txn_1751154673407_70,
2024-01-25,-48.00,,NSF cheque charge,txn_1751154673407_71,
2024-01-29,1000.00,,Deposit 88574543 Free Interac E-Transfer,txn_1751154673407_72,
2024-01-29,-134.48,,Misc. payment Perception BNC 54171,txn_1751154673407_73,
2024-01-30,-800.00,,MB-Transfer to 34702 00531 55,txn_1751154673407_74,
2024-01-30,-1.92,,Point of sale purchase Tim Hortons #4036 Paris ONCA,txn_1751154673407_75,
2024-01-30,-399.63,,Insurance Echelon Ins,txn_1751154673407_76,
2024-01-30,-5.00,,Overdrawn handling charge,txn_1751154673407_77,
2024-01-31,400.00,,MB-Transfer from 00000 06435 80,txn_1751154673407_78,
2024-01-31,-105.01,,Insurance Yarmouth Mutual Insurance Comp,txn_1751154673407_79,
2024-01-31,-5.00,,Overdrawn handling charge,txn_1751154673407_80,
2024-02-01,150.00,,MB-Transfer from 00000 06435 80,txn_1751154673407_81,
2024-02-01,1100.00,,MB-Transfer from 00000 06435 80,txn_1751154673407_82,
2024-02-04,-164.73,,Point of sale purchase Wal-Mart #3103 Tillsonburgonca,txn_1751154673407_83,
2024-02-04,-250.00,,MB-Bill payment Rogers Bank Mastercard,txn_1751154673407_84,
2024-02-04,-682.68,,Term loans Santander Consumer Inc.,txn_1751154673407_85,
2024-02-05,400.00,,Deposit 09136016 Free Interac E-Transfer,txn_1751154673407_86,
2024-02-05,-400.00,,MB-Transfer to 34702 01125 18,txn_1751154673407_87,
2024-02-07,-193.47,,Insurance Yarmouth Mutual Insurance Comp,txn_1751154673407_88,
2024-02-07,193.47,,Returned NSF cheque Yarmouth Mutual Insurance Comp,txn_1751154673407_89,
2024-02-07,-48.00,,NSF cheque charge,txn_1751154673407_90,
2024-02-11,-6.00,,MB-Transfer to Credit Card,txn_1751154673407_91,
2024-02-11,-67.24,,Loans Loan Payment 020667273871,txn_1751154673407_92,
2024-02-11,67.24,,Returned NSF cheque Loan Payment 020667273871,txn_1751154673407_93,
2024-02-11,-48.00,,NSF cheque charge,txn_1751154673407_94,
2024-02-16,-0.55,,Overdraft interest,txn_1751154673407_95,
2024-02-16,-16.95,,Service charge Monthly Fees,txn_1751154673407_96,
2024-02-18,100.00,,MB-Transfer from 34702 01125 18,txn_1751154673407_97,
2024-02-19,-682.68,,Term loans Santander Consumer Inc.,txn_1751154673407_98,
2024-02-19,682.68,,Returned NSF cheque Santander Consumer Inc.,txn_1751154673407_99,
2024-02-19,-48.00,,NSF cheque charge,txn_1751154673407_100,
2024-02-22,-399.63,,Insurance Echelon Ins,txn_1751154673407_101,
2024-02-22,-5.00,,Overdrawn handling charge,txn_1751154673407_102,
2024-02-25,413.00,,MB-Transfer from 34702 01125 18,txn_1751154673407_103,
2024-02-26,600.00,,MB-Transfer from 34702 01125 18,txn_1751154673407_104,
2024-02-26,-134.48,,Misc. payment Perception BNC 54171,txn_1751154673407_105,
2024-02-27,-500.00,,MB-Bill payment Hydro One Networks,txn_1751154673407_106,
2024-02-27,50.00,,MB-Transfer from Credit Card,txn_1751154673407_107,
2024-02-29,1000.00,,Deposit 78946416 Free Interac E-Transfer,txn_1751154673407_108,
2024-02-29,-105.01,,Insurance Yarmouth Mutual Insurance Comp,txn_1751154673407_109,
2024-03-03,-250.00,,MB-Bill payment Rogers Bank Mastercard,txn_1751154673407_110,
2024-03-03,-682.68,,Term loans Santander Consumer Inc.,txn_1751154673407_111,
2024-03-03,-5.00,,Overdrawn handling charge,txn_1751154673407_112,
2024-03-04,1028.00,,MB-Transfer from 34702 01125 18,txn_1751154673407_113,
2024-03-04,-345.26,,Insurance Cooperators Csi,txn_1751154673407_114,
2024-03-10,-200.00,,MB-Bill payment Walmart Mastercard,txn_1751154673407_115,
2024-03-10,-200.00,,MB-Bill payment Rogers Bank Mastercard,txn_1751154673407_116,
2024-03-10,-250.00,,MB-Bill payment Rogers Bank Mastercard,txn_1751154673407_117,
2024-03-10,-67.24,,Loans Loan Payment 020667273871,txn_1751154673407_118,
2024-03-10,-5.00,,Overdrawn handling charge,txn_1751154673407_119,
2024-03-11,100.00,,MB-Transfer from 34702 01125 18,txn_1751154673407_120,
2024-03-15,-0.84,,Overdraft interest,txn_1751154673407_121,
2024-03-15,-16.95,,Service charge Monthly Fees,txn_1751154673407_122,
2024-03-17,-682.68,,Term loans Santander Consumer Inc.,txn_1751154673407_123,
2024-03-17,-5.00,,Overdrawn handling charge,txn_1751154673407_124,
2024-03-18,1000.00,,MB-Transfer from 34702 01125 18,txn_1751154673407_125,
2024-03-20,-129.10,,Point of sale purchase Rona Lan 55070 Oakvil Oakville ONCA,txn_1751154673407_126,
2024-03-21,-37.27,,Point of sale purchase KFC #1522 Aylmer ONCA,txn_1751154673407_127,
2024-03-21,-150.00,,Withdrawal 38271811 Free Interac E-Transfer,txn_1751154673407_128,
2024-03-22,2200.00,,Deposit 39459176 Free Interac E-Transfer,txn_1751154673407_129,
2024-03-22,-58.81,,Point of sale purchase Wise Line Tools Tillsonburgonca,txn_1751154673407_130,
2024-03-22,-62.13,,Point of sale purchase Wise Line Tools Tillsonburgonca,txn_1751154673407_131,
2024-03-22,-2000.00,,MB-Transfer to 34702 01125 18,txn_1751154673407_132,
2024-03-24,-85.00,,MB-Transfer to Credit Card,txn_1751154673407_133,
2024-03-24,250.00,,MB-Transfer from 34702 01125 18,txn_1751154673407_134,
2024-03-24,-150.00,,Debit memo,txn_1751154673407_135,
2024-03-24,-100.00,,MB-Bill payment Rogers Bank Mastercard,txn_1751154673407_136,
2024-03-24,-399.63,,Insurance Echelon Ins,txn_1751154673407_137,
2024-03-24,-582.68,,Term loans Santander Consumer Inc.,txn_1751154673407_138,
2024-03-24,-67.24,,Loans Loan Payment 020667273871,txn_1751154673407_139,
2024-03-24,67.24,,Returned NSF cheque Loan Payment 020667273871,txn_1751154673407_140,
2024-03-24,399.63,,Returned NSF cheque Echelon Ins,txn_1751154673407_141,
2024-03-24,582.68,,Returned NSF cheque Santander Consumer Inc.,txn_1751154673407_142,
2024-03-24,-144.00,,NSF cheque charge,txn_1751154673407_143,
2024-03-26,1000.00,,Deposit 50020473 Free Interac E-Transfer,txn_1751154673407_144,
2024-03-26,-250.00,,MB-Transfer to Credit Card,txn_1751154673407_145,
2024-03-29,-500.00,,IO Transfer to Inv 000000071430485,txn_1751154673407_146,
2024-03-31,-100.00,,Withdrawal 65335868 Free Interac E-Transfer,txn_1751154673407_147,
2024-03-31,-105.01,,Insurance Yarmouth Mutual Insurance Comp,txn_1751154673407_148,
2024-03-31,-682.68,,Term loans Santander Consumer Inc.,txn_1751154673407_149,
2024-03-31,105.01,,Returned NSF cheque Yarmouth Mutual Insurance Comp,txn_1751154673407_150,
2024-03-31,682.68,,Returned NSF cheque Santander Consumer Inc.,txn_1751154673407_151,
2024-03-31,-96.00,,NSF cheque charge,txn_1751154673407_152,
2024-04-02,-399.63,,Insurance Echelon Ins,txn_1751154673407_153,
2024-04-02,399.63,,Returned NSF cheque Echelon Ins,txn_1751154673407_154,
2024-04-02,-48.00,,NSF cheque charge,txn_1751154673407_155,
2024-04-04,-386.34,,Insurance Cooperators Csi,txn_1751154673407_156,
2024-04-05,2000.00,,MB-Transfer from 34702 01125 18,txn_1751154673407_157,
2024-04-05,-200.00,,Withdrawal 83151904 Free Interac E-Transfer,txn_1751154673407_158,
2024-04-07,-95.00,,MB-Bill payment Triangle Mastercard,txn_1751154673407_159,
2024-04-07,-71.61,,Point of sale purchase Kelsey'S # 7663 Tillsonburgonca,txn_1751154673408_160,
2024-04-07,-60.00,,Withdrawal 85429823 Free Interac E-Transfer,txn_1751154673408_161,
2024-04-07,-350.00,,MB-Bill payment Walmart Mastercard,txn_1751154673408_162,
2024-04-07,-250.00,,MB-Bill payment Rogers Bank Mastercard,txn_1751154673408_163,
2024-04-07,-134.48,,Misc. payment Perception BNC 54171,txn_1751154673408_164,
2024-04-09,-200.00,,MB-Bill payment Walmart Mastercard,txn_1751154673408_165,
2024-04-10,250.00,,MB-Transfer from 34702 01125 18,txn_1751154673408_166,
2024-04-10,-250.00,,Withdrawal 95786144 Free Interac E-Transfer,txn_1751154673408_167,
2024-04-11,-105.01,,Insurance Yarmouth Mutual Insurance Comp,txn_1751154673408_168,
2024-04-14,-682.68,,Term loans Santander Consumer Inc.,txn_1751154673408_169,
2024-04-14,682.68,,Returned NSF cheque Santander Consumer Inc.,txn_1751154673408_170,
2024-04-14,-48.00,,NSF cheque charge,txn_1751154673408_171,
2024-04-16,-1.18,,Overdraft interest,txn_1751154673408_172,
2024-04-16,-16.95,,Service charge Monthly Fees,txn_1751154673408_173,
2024-04-18,1130.00,,Deposit 18577391 Free Interac E-Transfer,txn_1751154673408_174,
2024-04-19,-31.00,,Point of sale purchase Sq Beach Patties Cari Port Burwelonca,txn_1751154673408_175,
2024-04-19,-270.00,,Withdrawal 23132329 Free Interac E-Transfer,txn_1751154673408_176,
2024-04-21,-35.45,,Point of sale purchase Mcdonald'S #2546 St Thomas ONCA,txn_1751154673408_177,
2024-04-21,-101.31,,Point of sale purchase Kelsey'S # 7663 Tillsonburgonca,txn_1751154673408_178,
2024-04-21,-16.93,,Point of sale purchase Walmart Store #3103 Tillsonburgonca,txn_1751154673408_179,
2024-04-21,-600.00,,MB-Transfer to 34702 01125 18,txn_1751154673408_180,
2024-04-21,-67.24,,Loans Loan Payment 020667273871,txn_1751154673408_181,
2024-04-21,67.24,,Returned NSF cheque Loan Payment 020667273871,txn_1751154673408_182,
2024-04-21,-48.00,,NSF cheque charge,txn_1751154673408_183,
2024-04-22,900.00,,MB-Transfer from 34702 00531 55,txn_1751154673408_184,
2024-04-22,-22.35,,Point of sale purchase Mcdonald S #9473 Brampton ONCA,txn_1751154673408_185,
2024-04-22,-3.45,,Point of sale purchase Mcdonald S #9473 Brampton ONCA,txn_1751154673408_186,
2024-04-22,-30.14,,Point of sale purchase 01766 Mac'S Convenienc Brampton ONCA,txn_1751154673408_187,
2024-04-22,-64.55,,Point of sale purchase Onroute Cambrid,txn_1751154673408_188,
2024-04-22,-18.04,,Point of sale purchase Tim Hortons #4781 Cambridge ONCA,txn_1751154673408_189,
2024-04-22,-200.00,,Withdrawal 31125784 Free Interac E-Transfer,txn_1751154673408_190,
2024-04-23,-470.46,,Point of sale purchase Rona Brampton North 8 Brampton ONCA,txn_1751154673408_191,
2024-04-24,-50.00,,Withdrawal 34671928 Free Interac E-Transfer,txn_1751154673408_192,
2024-04-25,6.53,,MB-Transfer from 34702 01125 18,txn_1751154673408_193,
2024-04-25,10.60,,MB-Transfer from 34702 00531 55,txn_1751154673408_194,
2024-04-25,-25.14,,Point of sale purchase Mcdonald S #9473 Brampton ONCA,txn_1751154673408_195,
2024-04-28,-4.38,,MB-Transfer to Credit Card,txn_1751154673408_196,
2024-04-28,-682.68,,Term loans Santander Consumer Inc.,txn_1751154673408_197,
2024-04-28,682.68,,Returned NSF cheque Santander Consumer Inc.,txn_1751154673408_198,
2024-04-28,-48.00,,NSF cheque charge,txn_1751154673408_199,
2024-04-30,100.00,,Deposit 56611536 Free Interac E-Transfer,txn_1751154673408_200,
2024-04-30,-105.01,,Insurance Yarmouth Mutual Insurance Comp,txn_1751154673408_201,
2024-04-30,105.01,,Returned NSF cheque Yarmouth Mutual Insurance Comp,txn_1751154673408_202,
2024-04-30,-48.00,,NSF cheque charge,txn_1751154673408_203,
2024-05-01,4000.00,,MB-Transfer from 34702 01125 18,txn_1751154673408_204,
2024-05-01,-14.00,,Withdrawal 61393353 Free Interac E-Transfer,txn_1751154673408_205,
2024-05-02,-1000.00,,ABM withdrawal Chinguacousy & Sandal 1 Brampton ON,txn_1751154673408_206,
2024-05-02,-2220.00,,Withdrawal,txn_1751154673408_207,
2024-05-05,500.00,,MB-Transfer from 34702 01125 18,txn_1751154673408_208,
2024-05-05,-1185.00,,Withdrawal 69789343 Free Interac E-Transfer,txn_1751154673408_209,
2024-05-05,-337.68,,Insurance Cooperators Csi,txn_1751154673408_210,
2024-05-05,-134.48,,Misc. payment Perception BNC 54171,txn_1751154673408_211,
2024-05-05,337.68,,Returned NSF cheque Cooperators Csi,txn_1751154673408_212,
2024-05-05,134.48,,Returned NSF cheque Perception BNC 54171,txn_1751154673408_213,
2024-05-05,-96.00,,NSF cheque charge,txn_1751154673408_214,
2024-05-06,-36.02,,Point of sale purchase Valley Variety Vienna ONCA,txn_1751154673408_215,
2024-05-06,-5.00,,Overdrawn handling charge,txn_1751154673408_216,
2024-05-10,150.00,,MB-Transfer from 34702 01125 18,txn_1751154673408_217,
2024-05-10,-36.00,,Withdrawal 87527611 Free Interac E-Transfer,txn_1751154673408_218,
2024-05-10,-15.00,,Withdrawal 87528373 Free Interac E-Transfer,txn_1751154673408_219,
2024-05-12,600.00,,MB-Transfer from 34702 01125 18,txn_1751154673408_220,
2024-05-12,-337.68,,Insurance Cooperators Csi,txn_1751154673408_221,
2024-05-12,-682.68,,Term loans Santander Consumer Inc.,txn_1751154673408_222,
2024-05-12,-5.00,,Overdrawn handling charge,txn_1751154673408_223,
2024-05-13,600.00,,MB-Transfer from 34702 01125 18,txn_1751154673408_224,
2024-05-13,600.00,,MB-Transfer from 34702 01125 18,txn_1751154673408_225,
2024-05-13,-600.00,,Withdrawal 93268250 Free Interac E-Transfer,txn_1751154673408_226,
2024-05-13,500.00,,MB-Transfer from 34702 01125 18,txn_1751154673408_227,
2024-05-13,-185.00,,Point of sale purchase Optometrists ON Broadw Tillsonburgonca,txn_1751154673408_228,
2024-05-13,-150.00,,MB-Transfer to Credit Card,txn_1751154673408_229,
2024-05-13,-105.01,,Insurance Yarmouth Mutual Insurance Comp,txn_1751154673408_230,
2024-05-14,-266.77,,Insurance Echelon Ins,txn_1751154673408_231,
2024-05-16,2200.00,,Deposit 03259140 Free Interac E-Transfer,txn_1751154673408_232,
2024-05-16,-103.74,,Point of sale purchase Monthill Golf & Countr Caledonia ONCA,txn_1751154673408_233,
2024-05-16,-45.79,,Point of sale purchase Monthill Golf & Countr Caledonia ONCA,txn_1751154673408_234,
2024-05-16,395.39,,Deposit 03929765 Free Interac E-Transfer,txn_1751154673408_235,
2024-05-16,-0.44,,Overdraft interest,txn_1751154673408_236,
2024-05-16,-16.95,,Service charge Monthly Fees,txn_1751154673408_237,
2024-05-20,-200.00,,MB-Bill payment Rogers Bank Mastercard,txn_1751154673408_238,
2024-05-20,-100.00,,MB-Bill payment Canadian Tire Mastercard,txn_1751154673408_239,
2024-05-20,-250.00,,Withdrawal 08050555 Free Interac E-Transfer,txn_1751154673408_240,
2024-05-20,-151.52,,Point of sale purchase Walmart Store #3103 Tillsonburgonca,txn_1751154673408_241,
2024-05-20,-800.00,,Withdrawal 10314134 Free Interac E-Transfer,txn_1751154673408_242,
2024-05-20,-300.00,,MB-Transfer to 34702 01125 18,txn_1751154673408_243,
2024-05-20,-350.00,,MB-Bill payment Walmart Mastercard,txn_1751154673408_244,
2024-05-20,-250.00,,MB-Bill payment Rogers Bank Mastercard,txn_1751154673408_245,
2024-05-20,-201.72,,Misc. payment Perception BNC 54171,txn_1751154673408_246,
2024-05-20,201.72,,Returned NSF cheque Perception BNC 54171,txn_1751154673408_247,
2024-05-20,-48.00,,NSF cheque charge,txn_1751154673408_248,
2024-05-21,2500.00,,Deposit 15086410 Free Interac E-Transfer,txn_1751154673408_249,
2024-05-21,-2340.00,,MB-Transfer to 34702 01125 18,txn_1751154673408_250,
2024-05-26,-150.00,,Debit memo,txn_1751154673408_251,
2024-05-26,-682.68,,Term loans Santander Consumer Inc.,txn_1751154673408_252,
2024-05-26,682.68,,Returned NSF cheque Santander Consumer Inc.,txn_1751154673408_253,
2024-05-26,-48.00,,NSF cheque charge,txn_1751154673408_254,
2024-05-31,2150.00,,Deposit 45559104 Free Interac E-Transfer,txn_1751154673408_255,
2024-05-31,-1000.00,,Withdrawal 45977940 Free Interac E-Transfer,txn_1751154673408_256,
2024-05-31,-500.00,,Withdrawal 46653797 Free Interac E-Transfer,txn_1751154673408_257,
2024-06-02,-350.00,,MB-Bill payment Walmart Mastercard,txn_1751154673408_258,
2024-06-02,-250.00,,MB-Bill payment Rogers Bank Mastercard,txn_1751154673408_259,
2024-06-02,-114.70,,Insurance Yarmouth Mutual Insurance Comp,txn_1751154673408_260,
2024-06-02,114.70,,Returned NSF cheque Yarmouth Mutual Insurance Comp,txn_1751154673408_261,
2024-06-02,-48.00,,NSF cheque charge,txn_1751154673408_262,
2024-06-04,-362.68,,Insurance Cooperators Csi,txn_1751154673408_263,
2024-06-04,362.68,,Returned NSF cheque Cooperators Csi,txn_1751154673408_264,
2024-06-04,-48.00,,NSF cheque charge,txn_1751154673408_265,
2024-06-05,500.00,,ABM deposit Tillsonburg #1 TillsonburgON,txn_1751154673408_266,
2024-06-05,-400.00,,MB-Transfer to Credit Card,txn_1751154673408_267,
2024-06-06,200.00,,MB-Transfer from Credit Card,txn_1751154673408_268,
2024-06-06,-100.00,,Withdrawal 64544837 Free Interac E-Transfer,txn_1751154673408_269,
2024-06-07,200.00,,Deposit 67250621 Free Interac E-Transfer,txn_1751154673408_270,
2024-06-07,-300.00,,Withdrawal 67326297 Free Interac E-Transfer,txn_1751154673408_271,
2024-06-10,200.00,,Deposit 75534339 Free Interac E-Transfer,txn_1751154673408_272,
2024-06-11,-362.68,,Insurance Cooperators Csi,txn_1751154673408_273,
2024-06-11,362.68,,Returned NSF cheque Cooperators Csi,txn_1751154673408_274,
2024-06-11,-48.00,,NSF cheque charge,txn_1751154673408_275,
2024-06-12,2600.00,,ABM deposit Tillsonburg #1 TillsonburgON,txn_1751154673408_276,
2024-06-12,2700.00,,Deposit 81454955 Free Interac E-Transfer,txn_1751154673408_277,
2024-06-12,-1500.00,,MB-Transfer to 34702 01125 18,txn_1751154673408_278,
2024-06-12,-2600.00,,Withdrawal 81526397 Free Interac E-Transfer,txn_1751154673408_279,
2024-06-12,-1000.00,,MB-Transfer to 34702 01125 18,txn_1751154673408_280,
2024-06-12,-200.00,,MB-Transfer to 34702 01125 18,txn_1751154673408_281,
2024-06-12,-200.00,,MB-Transfer to 34702 01125 18,txn_1751154673408_282,
2024-06-12,350.00,,MB-Transfer from 34702 01125 18,txn_1751154673408_283,
2024-06-12,-300.00,,Withdrawal 81861034 Free Interac E-Transfer,txn_1751154673408_284,
2024-06-13,6.00,,MB-Transfer from 34702 01125 18,txn_1751154673408_285,
2024-06-13,-13.27,,Point of sale purchase Walmart Store #3127 Ancaster ONCA,txn_1751154673408_286,
2024-06-13,-114.70,,Insurance Yarmouth Mutual Insurance Comp,txn_1751154673408_287,
2024-06-14,200.00,,MB-Transfer from 34702 01125 18,txn_1751154673408_288,
2024-06-14,200.00,,Deposit 87995600 Free Interac E-Transfer,txn_1751154673408_289,
2024-06-16,1000.00,,MB-Transfer from 34702 01125 18,txn_1751154673408_290,
2024-06-16,-500.00,,Withdrawal 88874070 Free Interac E-Transfer,txn_1751154673408_291,
2024-06-16,-452.00,,Withdrawal 90945840 Free Interac E-Transfer,txn_1751154673408_292,
2024-06-16,-95.00,,MB-Bill payment Virgin Plus Client ID 14 Dig,txn_1751154673408_293,
2024-06-16,-0.29,,Overdraft interest,txn_1751154673408_294,
2024-06-16,-16.95,,Service charge Monthly Fees,txn_1751154673408_295,
2024-06-17,-200.00,,Withdrawal 95035051 Free Interac E-Transfer,txn_1751154673408_296,
2024-06-17,100.00,,MB-Transfer from 34702 01125 18,txn_1751154673408_297,
2024-06-17,-100.00,,Withdrawal 95128485 Free Interac E-Transfer,txn_1751154673408_298,
2024-06-17,-25.00,,MB-Transfer to Credit Card,txn_1751154673408_299,
2024-06-18,150.00,,Deposit 96739977 Free Interac E-Transfer,txn_1751154673408_300,
2024-06-18,-50.00,,MB-Transfer to Credit Card,txn_1751154673408_301,
2024-06-18,-50.00,,MB-Transfer to Credit Card,txn_1751154673408_302,
2024-06-18,-50.00,,MB-Transfer to Credit Card,txn_1751154673408_303,
2024-06-19,170.00,,Deposit 01230353 Free Interac E-Transfer,txn_1751154673408_304,
2024-06-19,-170.00,,MB-Transfer to Credit Card,txn_1751154673408_305,
2024-06-23,40.00,,Deposit 08666335 Free Interac E-Transfer,txn_1751154673408_306,
2024-06-23,-40.00,,MB-Transfer to Credit Card,txn_1751154673408_307,
2024-06-23,-0.58,,MB-Transfer to 34702 01125 18,txn_1751154673408_308,
2024-06-24,3000.00,,Deposit 13854149 Free Interac E-Transfer,txn_1751154673408_309,
2024-06-24,-100.00,,MB-Bill payment Rogers Bank Mastercard,txn_1751154673408_310,
2024-06-24,-450.00,,MB-Bill payment EPCOR Natural Gas L.P. Ontario,txn_1751154673408_311,
2024-06-24,-100.00,,MB-Bill payment Walmart Mastercard,txn_1751154673408_312,
2024-06-24,-500.00,,MB-Transfer to Credit Card,txn_1751154673408_313,
2024-06-25,-500.00,,Withdrawal 15274611 Free Interac E-Transfer,txn_1751154673408_314,
2024-06-25,-623.31,,Point of sale purchase Wiebes Wheels Inc Aylmer ONCA,txn_1751154673408_315,
2024-06-27,-62.82,,Point of sale purchase Petro Canada652,txn_1751154673408_316,
2024-06-27,-4.66,,Point of sale purchase Tim Hortons #4312 Brampton ONCA,txn_1751154673408_317,
2024-06-27,-400.00,,Withdrawal 23691370 Free Interac E-Transfer,txn_1751154673408_318,
2024-06-28,-64.50,,Shared ABM withdrawal Interac,txn_1751154673408_319,
2024-06-28,0.00,,INTERAC ABM fee,txn_1751154673408_320,
2024-06-28,-96.25,,Point of sale purchase Ruby's Cookhouse Ltd. Aylmer ONCA,txn_1751154673408_321,
2024-06-28,4000.00,,Deposit 28192801 Free Interac E-Transfer,txn_1751154673408_322,
2024-07-01,-2070.00,,MB-Transfer to 34702 01125 18,txn_1751154673408_323,
2024-07-01,-358.14,,Point of sale purchase Walmart Store #3103 Tillsonburgonca,txn_1751154673408_324,
2024-07-01,-350.00,,MB-Bill payment Walmart Mastercard,txn_1751154673408_325,
2024-07-01,-250.00,,MB-Bill payment Rogers Bank Mastercard,txn_1751154673408_326,
2024-07-01,-114.87,,Insurance Yarmouth Mutual Insurance Comp,txn_1751154673408_327,
2024-07-02,-200.00,,Withdrawal 39208369 Free Interac E-Transfer,txn_1751154673408_328,
2024-07-02,-500.00,,Withdrawal 39577372 Free Interac E-Transfer,txn_1751154673408_329,
2024-07-04,1000.00,,Deposit 44107735 Free Interac E-Transfer,txn_1751154673408_330,
2024-07-04,-1255.00,,MB-Transfer to 34702 01125 18,txn_1751154673408_331,
2024-07-04,-75.00,,Insurance Cooperators Csi,txn_1751154673408_332,
2024-07-04,-5.00,,Overdrawn handling charge,txn_1751154673408_333,
2024-07-07,500.00,,MB-Transfer from 34702 01125 18,txn_1751154673408_334,
2024-07-07,60.00,,Deposit 53480830 Free Interac E-Transfer,txn_1751154673408_335,
2024-07-07,-250.00,,MB-Bill payment Rogers Bank Mastercard,txn_1751154673408_336,
2024-07-07,-200.00,,MB-Transfer to Credit Card,txn_1751154673408_337,
2024-07-07,200.00,,Deposit 54434822 Free Interac E-Transfer,txn_1751154673408_338,
2024-07-08,186.09,,Deposit 55223849 Free Interac E-Transfer,txn_1751154673408_339,
2024-07-08,-75.19,,Point of sale purchase Petro Canada351,txn_1751154673408_340,
2024-07-08,-97.09,,Point of sale purchase Rona Brampton North 8 Brampton ONCA,txn_1751154673408_341,
2024-07-08,-29.24,,Point of sale purchase Swiss Chalet&Harveys 1960Brampton ONCA,txn_1751154673408_342,
2024-07-08,-4.60,,Point of sale purchase Valley Variety Vienna ONCA,txn_1751154673408_343,
2024-07-09,2600.00,,Deposit 57952850 Free Interac E-Transfer,txn_1751154673408_344,
2024-07-09,-2000.00,,MB-Transfer to 34702 01125 18,txn_1751154673408_345,
2024-07-09,-200.00,,MB-Bill payment Walmart Mastercard,txn_1751154673408_346,
2024-07-09,-200.00,,MB-Bill payment Rogers Bank Mastercard,txn_1751154673408_347,
2024-07-11,-200.00,,MB-Bill payment Canadian Tire Mastercard,txn_1751154673408_348,
2024-07-11,1000.00,,MB-Transfer from 34702 01125 18,txn_1751154673408_349,
2024-07-11,-1000.00,,Withdrawal 65984719 Free Interac E-Transfer,txn_1751154673408_350,
2024-07-14,-200.00,,Withdrawal 70328886 Free Interac E-Transfer,txn_1751154673408_351,
2024-07-16,3000.00,,Deposit 78495780 Free Interac E-Transfer,txn_1751154673408_352,
2024-07-16,-80.07,,Point of sale purchase Ultramar #32748,txn_1751154673408_353,
2024-07-16,80.07,,Error correction Ultramar #32748 Caledon Vilona,txn_1751154673408_354,
2024-07-16,-79.05,,Point of sale purchase Ultramar #32748 Caledon Vilona,txn_1751154673408_355,
2024-07-16,-307.33,,Point of sale purchase Rona Brampton North 8 Brampton ONCA,txn_1751154673408_356,
2024-07-16,-0.13,,Overdraft interest,txn_1751154673408_357,
2024-07-16,-16.95,,Service charge Monthly Fees,txn_1751154673408_358,
2024-07-17,-13.21,,Point of sale purchase Mcdonald'S #40418 Caledon Vilonca,txn_1751154673408_359,
2024-07-17,-500.00,,MB-Transfer to 34702 01125 18,txn_1751154673408_360,
2024-07-18,-500.00,,IO Transfer to Inv 000000071430485,txn_1751154673408_361,
2024-07-18,-83.60,,Point of sale purchase Onroute Woodsto,txn_1751154673408_362,
2024-07-18,-1510.00,,MB-Transfer to 34702 01125 18,txn_1751154673408_363,
2024-07-19,375.00,,Deposit 88056483 Free Interac E-Transfer,txn_1751154673408_364,
2024-07-19,-375.00,,MB-Transfer to Credit Card,txn_1751154673408_365,
2024-07-22,2000.00,,Deposit 94588627 Free Interac E-Transfer,txn_1751154673408_366,
2024-07-22,-2000.00,,MB-Transfer to 34702 01125 18,txn_1751154673408_367,
2024-07-28,150.00,,Deposit 11420271 Free Interac E-Transfer,txn_1751154673408_368,
2024-07-28,-150.00,,MB-Transfer to Credit Card,txn_1751154673408_369,
2024-07-28,100.00,,Deposit 11431480 Free Interac E-Transfer,txn_1751154673408_370,
2024-07-28,-50.00,,Withdrawal 11436135 Free Interac E-Transfer,txn_1751154673408_371,
2024-07-28,-50.00,,Withdrawal 11443901 Free Interac E-Transfer,txn_1751154673408_372,
2024-07-28,450.00,,Deposit 12131464 Free Interac E-Transfer,txn_1751154673408_373,
2024-07-28,-12.61,,Point of sale purchase Tim Hortons #1752 Ingersoll ONCA,txn_1751154673408_374,
2024-07-28,-250.00,,ABM withdrawal Aylmer #1 Aylmer ON,txn_1751154673408_375,
2024-07-29,-150.00,,MB-Transfer to Credit Card,txn_1751154673408_376,
2024-07-30,2100.00,,MB-Transfer from 34702 01125 18,txn_1751154673408_377,
2024-07-30,-2100.00,,Withdrawal 16664090 Free Interac E-Transfer,txn_1751154673408_378,
2024-07-30,200.00,,MB-Transfer from 34702 01125 18,txn_1751154673408_379,
2024-07-30,-200.00,,Withdrawal 17214534 Free Interac E-Transfer,txn_1751154673408_380,
2024-07-30,-15.00,,Withdrawal 20227207 Free Interac E-Transfer,txn_1751154673408_381,
2024-07-30,90.00,,MB-Transfer from 34702 01125 18,txn_1751154673408_382,
2024-07-30,-50.00,,Withdrawal 20232436 Free Interac E-Transfer,txn_1751154673408_383,
2024-07-31,-50.00,,Withdrawal 21269970 Free Interac E-Transfer,txn_1751154673408_384,
2024-07-31,-114.87,,Insurance Yarmouth Mutual Insurance Comp,txn_1751154673408_385,
2024-07-31,114.87,,Returned NSF cheque Yarmouth Mutual Insurance Comp,txn_1751154673408_386,
2024-07-31,-48.00,,NSF cheque charge,txn_1751154673408_387,
2024-08-01,490.46,,Returned NSF cheque Cooperators Csi,txn_1751154673408_388,
2024-08-01,-48.00,,NSF cheque charge,txn_1751154673408_389,
2024-08-04,-490.46,,Insurance Cooperators Csi,txn_1751154673408_390,
2024-08-06,1000.00,,Deposit 40594914 Free Interac E-Transfer,txn_1751154673408_391,
2024-08-06,-74.01,,Point of sale purchase Shell C21610 Aylmer ONCA,txn_1751154673408_392,
2024-08-06,-90.00,,Withdrawal 41090354 Free Interac E-Transfer,txn_1751154673408_393,
2024-08-06,-90.00,,Withdrawal 41092371 Free Interac E-Transfer,txn_1751154673408_394,
2024-08-07,-5.71,,Point of sale purchase Tim Hortons #1238 Aylmer ONCA,txn_1751154673408_395,
2024-08-07,-600.00,,MB-Transfer to Credit Card,txn_1751154673408_396,
2024-08-08,700.00,,MB-Transfer from 34702 01125 18,txn_1751154673408_397,
2024-08-08,-630.00,,Withdrawal 46602567 Free Interac E-Transfer,txn_1751154673408_398,
2024-08-09,500.00,,MB-Transfer from 34702 01125 18,txn_1751154673408_399,
2024-08-09,-500.00,,Withdrawal 48536092 Free Interac E-Transfer,txn_1751154673408_400,
2024-08-11,-490.46,,Insurance Cooperators Csi,txn_1751154673408_401,
2024-08-11,-5.00,,Overdrawn handling charge,txn_1751154673408_402,
2024-08-12,400.00,,MB-Transfer from 34702 01125 18,txn_1751154673408_403,
2024-08-13,-114.87,,Insurance Yarmouth Mutual Insurance Comp,txn_1751154673408_404,
2024-08-13,-5.00,,Overdrawn handling charge,txn_1751154673408_405,
2024-08-14,1500.00,,MB-Transfer from 34702 01125 18,txn_1751154673408_406,
2024-08-14,-800.00,,Withdrawal 60571947 Free Interac E-Transfer,txn_1751154673408_407,
2024-08-14,-250.00,,Withdrawal 62919587 Free Interac E-Transfer,txn_1751154673408_408,
2024-08-15,-95.00,,MB-Bill payment Virgin Plus Client ID 14 Dig,txn_1751154673408_409,
2024-08-15,-50.00,,MB-Transfer to Credit Card,txn_1751154673408_410,
2024-08-15,315.00,,MB-Transfer from 34702 01125 18,txn_1751154673408_411,
2024-08-15,-400.00,,Withdrawal 66105343 Free Interac E-Transfer,txn_1751154673408_412,
2024-08-16,-7.92,,Point of sale purchase Valley Variety Vienna ONCA,txn_1751154673408_413,
2024-08-16,-50.00,,Withdrawal 68056312 Free Interac E-Transfer,txn_1751154673408_414,
2024-08-16,-0.39,,Overdraft interest,txn_1751154673408_415,
2024-08-16,-16.95,,Service charge Monthly Fees,txn_1751154673408_416,
2024-08-18,-44.00,,Point of sale purchase Mcdonald'S #6911 Bracebridgeonca,txn_1751154673408_417,
2024-08-18,-7.08,,Point of sale purchase 00110 Macs Conv. Store Bracebridgeonca,txn_1751154673408_418,
2024-08-21,500.00,,MB-Transfer from 34702 01125 18,txn_1751154673408_419,
2024-08-21,-400.00,,Withdrawal 81362884 Free Interac E-Transfer,txn_1751154673408_420,
2024-08-23,200.00,,MB-Transfer from 34702 01125 18,txn_1751154673408_421,
2024-08-23,-200.00,,Withdrawal 86548609 Free Interac E-Transfer,txn_1751154673408_422,
2024-08-23,200.00,,Deposit 86585665 Interac E-Transfer Rtn,txn_1751154673408_423,
2024-08-23,-200.00,,Withdrawal 86585996 Free Interac E-Transfer,txn_1751154673408_424,
2024-08-25,-100.00,,MB-Bill payment Rogers Bank Mastercard,txn_1751154673408_425,
2024-08-27,-5.00,,MB-Transfer to 34702 01125 18,txn_1751154673408_426,
2024-08-27,5000.00,,Deposit 96302989 Free Interac E-Transfer,txn_1751154673408_427,
2024-08-27,-5000.00,,MB-Transfer to 34702 01125 18,txn_1751154673408_428,
2024-08-30,2000.00,,Deposit 05255366 Free Interac E-Transfer,txn_1751154673408_429,
2024-08-30,-2000.00,,Withdrawal 05379566 Free Interac E-Transfer,txn_1751154673408_430,
2024-09-02,-114.87,,Insurance Yarmouth Mutual Insurance Comp,txn_1751154673408_431,
2024-09-02,114.87,,Returned NSF cheque Yarmouth Mutual Insurance Comp,txn_1751154673408_432,
2024-09-02,-48.00,,NSF cheque charge,txn_1751154673408_433,
2024-09-04,1200.00,,Deposit 17579681 Free Interac E-Transfer,txn_1751154673408_434,
2024-09-04,-22.90,,Point of sale purchase A&W Bracebridge #4374 Bracebridgeonca,txn_1751154673408_435,
2024-09-04,-43.19,,Point of sale purchase Food Basics 837 Bracebridgeonca,txn_1751154673408_436,
2024-09-04,-354.03,,Insurance Cooperators Csi,txn_1751154673408_437,
2024-09-05,-732.00,,MB-Transfer to Credit Card,txn_1751154673408_438,
2024-09-05,105.00,,MB-Transfer from Credit Card,txn_1751154673408_439,
2024-09-05,-100.00,,Withdrawal 21987147 Free Interac E-Transfer,txn_1751154673408_440,
2024-09-05,100.00,,Deposit 22699040 Interac E-Transfer Rtn,txn_1751154673408_441,
2024-09-05,-100.00,,Withdrawal 22701588 Free Interac E-Transfer,txn_1751154673408_442,
2024-09-12,-4.67,,Point of sale purchase Tim Hortons #4444 Innisfil ONCA,txn_1751154673408_443,
2024-09-12,200.00,,Deposit 40187934 Free Interac E-Transfer,txn_1751154673408_444,
2024-09-12,-70.00,,Point of sale purchase Pioneer 43345,txn_1751154673408_445,
2024-09-12,-10.45,,Point of sale purchase Pioneer 43345,txn_1751154673408_446,
2024-09-12,-103.50,,Shared ABM withdrawal Interac,txn_1751154673408_447,
2024-09-12,0.00,,INTERAC ABM fee,txn_1751154673408_448,
2024-09-12,70.00,,Error correction Pioneer 43345 Brampton ONCA,txn_1751154673408_449,
2024-09-12,-62.46,,Point of sale purchase Pioneer 43345 Brampton ONCA,txn_1751154673408_450,
2024-09-15,-7.78,,Point of sale purchase Shoppers Drug Mart #11 Tillsonburgonca,txn_1751154673408_451,
2024-09-15,-5.59,,Point of sale purchase Mcdonald'S #6911 Bracebridgeonca,txn_1751154673408_452,
2024-09-15,-7.90,,Point of sale purchase Bracebridge Home Hardw Bracebridgeonca,txn_1751154673408_453,
2024-09-15,-114.87,,Insurance Yarmouth Mutual Insurance Comp,txn_1751154673408_454,
2024-09-15,114.87,,Returned NSF cheque Yarmouth Mutual Insurance Comp,txn_1751154673408_455,
2024-09-15,-48.00,,NSF cheque charge,txn_1751154673408_456,
2024-09-16,-0.10,,Overdraft interest,txn_1751154673408_457,
2024-09-16,-16.95,,Service charge Monthly Fees,txn_1751154673408_458,
2024-09-23,1500.00,,Deposit 65576402 Free Interac E-Transfer,txn_1751154673408_459,
2024-09-23,-500.00,,MB-Transfer to Credit Card,txn_1751154673408_460,
2024-09-23,-936.00,,MB-Transfer to Credit Card,txn_1751154673408_461,
2024-09-24,1100.00,,MB-Transfer from Credit Card,txn_1751154673408_462,
2024-09-24,-962.00,,Withdrawal 68836267 Free Interac E-Transfer,txn_1751154673408_463,
2024-09-24,-100.00,,MB-Bill payment Rogers Bank Mastercard,txn_1751154673408_464,
2024-09-25,-38.00,,MB-Transfer to Credit Card,txn_1751154673408_465,
2024-09-26,100.00,,Deposit 74059323 Free Interac E-Transfer,txn_1751154673408_466,
2024-09-26,-100.00,,MB-Transfer to Credit Card,txn_1751154673408_467,
2024-09-30,500.00,,Deposit 82882464 Free Interac E-Transfer,txn_1751154673408_468,
2024-09-30,-200.00,,MB-Transfer to Credit Card,txn_1751154673408_469,
2024-09-30,-300.00,,MB-Transfer to 34702 00531 55,txn_1751154673408_470,
2024-10-01,1500.00,,Deposit 87819923 Free Interac E-Transfer,txn_1751154673408_471,
2024-10-01,-1300.00,,MB-Transfer to 34702 01125 18,txn_1751154673408_472,
2024-10-02,3000.00,,Deposit 92168045 Free Interac E-Transfer,txn_1751154673408_473,
2024-10-02,-300.00,,MB-Transfer to Credit Card,txn_1751154673408_474,
2024-10-02,-100.00,,MB-Transfer to Credit Card,txn_1751154673408_475,
2024-10-02,-30.00,,MB-Transfer to Credit Card,txn_1751154673408_476,
2024-10-02,-2700.00,,MB-Transfer to 34702 00531 55,txn_1751154673408_477,
2024-10-03,-50.00,,MB-Bill payment Canadian Tire Mastercard,txn_1751154673408_478,
2024-10-04,3000.00,,Deposit 97684460 Free Interac E-Transfer,txn_1751154673408_479,
2024-10-04,-3000.00,,MB-Transfer to 34702 01125 18,txn_1751154673408_480,
2024-10-04,3000.00,,Deposit 98690177 Free Interac E-Transfer,txn_1751154673408_481,
2024-10-06,-3000.00,,MB-Transfer to 34702 00531 71,txn_1751154673408_482,
2024-10-06,3000.00,,Deposit 02541559 Free Interac E-Transfer,txn_1751154673408_483,
2024-10-06,3000.00,,Deposit 02544290 Free Interac E-Transfer,txn_1751154673408_484,
2024-10-06,2200.00,,Deposit 02545945 Free Interac E-Transfer,txn_1751154673408_485,
2024-10-06,3000.00,,Deposit 02550382 Free Interac E-Transfer,txn_1751154673408_486,
2024-10-06,500.00,,BR Transfer from 34702 00531 71,txn_1751154673408_487,
2024-10-06,-11581.00,,Debit memo Draft Purchase,txn_1751154673408_488,
2024-10-06,-9.50,,Service charge,txn_1751154673408_489,
2024-10-06,-131.00,,MB-Transfer to 34702 01125 18,txn_1751154673408_490,
2024-10-06,-329.03,,Insurance Cooperators General Ins Co Csi,txn_1751154673408_491,
2024-10-06,329.03,,Returned NSF cheque Cooperators General Ins Co Csi,txn_1751154673408_492,
2024-10-06,-48.00,,NSF cheque charge,txn_1751154673408_493,
2024-10-10,3000.00,,Deposit 12679526 Free Interac E-Transfer,txn_1751154673408_494,
2024-10-10,-50.00,,MB-Transfer to Credit Card,txn_1751154673408_495,
2024-10-10,-16.61,,Point of sale purchase Shoppers Drug Mart #11 Tillsonburgonca,txn_1751154673408_496,
2024-10-11,-2800.00,,MB-Transfer to 34702 01125 18,txn_1751154673408_497,
2024-10-14,-85.00,,MB-Transfer to Credit Card,txn_1751154673408_498,
2024-10-14,-329.03,,Insurance Cooperators General Ins Co Csi,txn_1751154673408_499,
2024-10-14,329.03,,Returned NSF cheque Cooperators General Ins Co Csi,txn_1751154673408_500,
2024-10-14,-48.00,,NSF cheque charge,txn_1751154673408_501,
2024-10-16,-0.40,,Overdraft interest,txn_1751154673408_502,
2024-10-16,-16.95,,Service charge Monthly Fees,txn_1751154673408_503,
2024-10-17,3160.00,,ABM deposit Simcoe Branch #1 Simcoe ON,txn_1751154673408_504,
2024-10-17,-100.00,,MB-Transfer to Credit Card,txn_1751154673408_505,
2024-10-17,-200.00,,Withdrawal 31288469 Free Interac E-Transfer,txn_1751154673408_506,
2024-10-18,944.00,,Deposit 33014851 Free Interac E-Transfer,txn_1751154673408_507,
2024-10-18,-221.46,,Point of sale purchase Aylmer Home Hardware Aylmer ONCA,txn_1751154673408_508,
2024-10-18,-600.00,,MB-Transfer to Credit Card,txn_1751154673408_509,
2024-10-20,-500.00,,MB-Bill payment Hydro One Networks,txn_1751154673408_510,
2024-10-20,-250.00,,MB-Bill payment WSIB Ontario - Schedule 1,txn_1751154673408_511,
2024-10-20,100.00,,MB-Transfer from Credit Card,txn_1751154673408_512,
2024-10-20,-350.00,,MB-Bill payment Walmart Mastercard,txn_1751154673408_513,
2024-10-20,-250.00,,MB-Bill payment Rogers Bank Mastercard,txn_1751154673408_514,
2024-10-21,-1667.00,,MB-Transfer to 34702 01125 18,txn_1751154673408_515,
2024-10-23,2500.00,,MB-Transfer from 34702 01125 18,txn_1751154673408_516,
2024-10-24,-500.00,,IO Transfer to Inv 000000071430485,txn_1751154673408_517,
2024-10-24,-150.00,,Debit memo,txn_1751154673408_518,
2024-10-24,-1000.00,,Withdrawal 47973374 Free Interac E-Transfer,txn_1751154673408_519,
2024-10-24,500.00,,MB-Transfer from 34702 00531 71,txn_1751154673408_520,
2024-10-24,-1000.00,,Withdrawal 48044140 Free Interac E-Transfer,txn_1751154673408_521,
2024-10-24,-100.00,,MB-Bill payment Rogers Bank Mastercard,txn_1751154673408_522,
2024-10-24,-100.00,,MB-Bill payment Walmart Mastercard,txn_1751154673408_523,
2024-10-28,-5.68,,Point of sale purchase Waterford Home Buildin Waterford ONCA,txn_1751154673408_524,
2024-10-28,-100.00,,Withdrawal 57708437 Free Interac E-Transfer,txn_1751154673408_525,
2024-10-29,1500.00,,MB-Transfer from 34702 01125 18,txn_1751154673408_526,
2024-10-29,-1000.00,,Withdrawal 59338206 Free Interac E-Transfer,txn_1751154673408_527,
2024-10-29,-500.00,,Withdrawal 59341057 Free Interac E-Transfer,txn_1751154673408_528,
2024-10-30,100.00,,MB-Transfer from Credit Card,txn_1751154673408_529,
2024-10-30,-80.00,,Withdrawal 62844945 Free Interac E-Transfer,txn_1751154673408_530,
2024-10-31,-60.00,,MB-Transfer to Credit Card,txn_1751154673408_531,
2024-10-31,-114.87,,Insurance Yarmouth Mutual Insurance Comp,txn_1751154673409_532,
2024-10-31,-5.00,,Overdrawn handling charge,txn_1751154673409_533,
2024-11-01,110.00,,MB-Transfer from Credit Card,txn_1751154673409_534,
2024-11-04,-50.00,,Insurance Cooperators General Ins Co Csi,txn_1751154673409_535,
2024-11-04,50.00,,Returned NSF cheque Cooperators General Ins Co Csi,txn_1751154673409_536,
2024-11-04,-48.00,,NSF cheque charge,txn_1751154673409_537,
2024-11-11,120.00,,ABM deposit Simcoe Branch #1 Simcoe ON,txn_1751154673409_538,
2024-11-11,-53.32,,MB-Transfer to Credit Card,txn_1751154673409_539,
2024-11-11,-10.00,,MB-Transfer to Credit Card,txn_1751154673409_540,
2024-11-11,-50.00,,Insurance Cooperators General Ins Co Csi,txn_1751154673409_541,
2024-11-11,50.00,,Returned NSF cheque Cooperators General Ins Co Csi,txn_1751154673409_542,
2024-11-11,-48.00,,NSF cheque charge,txn_1751154673409_543,
2024-11-15,-0.43,,Overdraft interest,txn_1751154673409_544,
2024-11-15,-16.95,,Service charge Monthly Fees,txn_1751154673409_545,
2024-11-19,944.00,,Deposit 17962694 Free Interac E-Transfer,txn_1751154673409_546,
2024-11-19,-800.00,,MB-Transfer to Credit Card,txn_1751154673409_547,
2024-11-19,-55.00,,Withdrawal 18135709 Free Interac E-Transfer,txn_1751154673409_548,
2024-11-20,5088.00,,Deposit 20744042 Free Interac E-Transfer,txn_1751154673409_549,
2024-11-21,-500.00,,IO Transfer to Inv 000000071430485,txn_1751154673409_550,
2024-11-22,-4000.00,,MB-Transfer to 34702 01125 18,txn_1751154673409_551,
2024-11-24,-300.00,,Withdrawal 27186819 Free Interac E-Transfer,txn_1751154673409_552,
2024-11-24,-150.00,,Debit memo,txn_1751154673409_553,
2024-11-24,-100.00,,MB-Bill payment Rogers Bank Mastercard,txn_1751154673409_554,
2024-11-25,300.00,,MB-Transfer from Credit Card,txn_1751154673409_555,
2024-11-25,500.00,,MB-Transfer from 34702 00531 71,txn_1751154673409_556,
2024-11-25,-836.00,,Withdrawal 30835298 Free Interac E-Transfer,txn_1751154673409_557,
2024-11-27,100.00,,MB-Transfer from 34702 01125 18,txn_1751154673409_558,
2024-12-01,2000.00,,MB-Transfer from 34702 01125 18,txn_1751154673409_559,
2024-12-01,-350.00,,MB-Bill payment Walmart Mastercard,txn_1751154673409_560,
2024-12-01,-250.00,,MB-Bill payment Rogers Bank Mastercard,txn_1751154673409_561,
2024-12-01,-114.87,,Insurance Yarmouth Mutual Insurance Comp,txn_1751154673409_562,
2024-12-02,-150.00,,Withdrawal 54027736 Free Interac E-Transfer,txn_1751154673409_563,
2024-12-03,-400.00,,MB-Transfer to Credit Card,txn_1751154673409_564,
2024-12-04,-98.13,,Insurance Cooperators General Ins Co Csi,txn_1751154673409_565,
2024-12-05,-500.00,,IO Transfer to Inv 000000071430485,txn_1751154673409_566,
2024-12-06,-33.89,,Point of sale purchase Waterford Home Buildin Waterford ONCA,txn_1751154673409_567,
2024-12-08,-200.00,,MB-Transfer to Credit Card,txn_1751154673409_568,
2024-12-08,-30.00,,MB-Transfer to 34702 01125 18,txn_1751154673409_569,
2024-12-12,944.00,,Deposit 79546556 Free Interac E-Transfer,txn_1751154673409_570,
2024-12-12,-900.00,,MB-Transfer to 34702 01125 18,txn_1751154673409_571,
2024-12-13,5000.00,,Deposit 83434603 Free Interac E-Transfer,txn_1751154673409_572,
2024-12-15,-43.74,,Point of sale purchase Mcdonald's #5263 Tillsonburgonca,txn_1751154673409_573,
2024-12-15,-16.90,,Point of sale purchase Tim Hortons #0008 Brantford ONCA,txn_1751154673409_574,
2024-12-15,-100.00,,Point of sale purchase Otr Brantford,txn_1751154673409_575,
2024-12-15,-95.00,,MB-Bill payment Virgin Plus Client ID 14 Dig,txn_1751154673409_576,
2024-12-15,-350.00,,MB-Bill payment Walmart Mastercard,txn_1751154673409_577,
2024-12-15,-250.00,,MB-Bill payment Rogers Bank Mastercard,txn_1751154673409_578,
2024-12-15,-4000.00,,MB-Transfer to 34702 01125 18,txn_1751154673409_579,
2024-12-15,-190.00,,MB-Transfer to 34702 01125 18,txn_1751154673409_580,
2024-12-16,-0.07,,Overdraft interest,txn_1751154673409_581,
2024-12-16,-16.95,,Service charge Monthly Fees,txn_1751154673409_582,